,sigla_uf,tipo_preco,preco
0,BR,CUB R1,1927.529259259259
1,BR,CUB R1,1932.8233333333335
2,BR,CUB R1,1996.9737037037037
3,BR,CUB R1,2051.8888888888887
